transcript_id,variant,label
ENST00000367182.7,chr1:204549714:C:A,1
ENST00000391828.7,chr1:247448734:G:C,1
ENST00000372816.2,chr1:39896394:C:A,1
ENST00000260810.9,chr3:133601021:G:A,1
ENST00000254508.6,chr3:13316486:A:G,1
ENST00000497524.5,chr3:148742201:A:C,1
ENST00000335304.6,chr3:184106769:G:A,1
ENST00000264731.7,chr3:189896847:C:T,1
ENST00000447510.6,chr4:15968726:T:G,1
ENST00000261509.10,chr4:168928238:C:G,1
ENST00000336904.7,chr4:89726489:A:C,1
ENST00000511367.6,chr5:31401340:A:G,1
ENST00000439211.6,chr5:80628864:G:A,1
ENST00000368802.7,chr6:111299555:G:A,1
ENST00000440973.5,chr6:152099062:C:T,1
ENST00000428701.5,chr6:29830972:C:G,1
ENST00000369947.4,chr6:77461407:C:T,1
ENST00000180166.5,chr8:16992890:G:A,1
ENST00000265433.7,chr8:89935041:C:G,1
ENST00000643639.1,chr9:69073560:T:G,1
ENST00000373968.3,chr10:52766862:A:G,1
ENST00000227665.8,chr11:116789970:G:A,1
ENST00000227667.7,chr11:116832955:G:T,1
ENST00000358495.7,chr12:912349:T:G,1
ENST00000402868.7,chr12:123409283:C:T,1
ENST00000256078.8,chr12:25207290:A:C,1
ENST00000508394.6,chr12:54182016:C:A,1
ENST00000245323.4,chr13:106491980:T:G,1
ENST00000216797.9,chr14:35401887:C:T,1
ENST00000337138.8,chr14:61747130:T:C,1
ENST00000634891.1,chr15:33866065:A:G,1
ENST00000253458.11,chr16:85672958:G:A,1
ENST00000617811.4,chr17:37687273:G:T,1
ENST00000301286.4,chr19:4502189:T:C,1
ENST00000221930.5,chr19:41353016:G:A,1
ENST00000471181.7,chr17:43092919:G:A,1
ENST00000374994.8,chr9:99150189:A:G,1
ENST00000434753.7,chrX:123911259:C:A,1
ENST00000222381.7,chr7:95298183:G:A,1
ENST00000239151.5,chr17:48592068:C:T,1
ENST00000256078.8,chr12:25209618:A:C,1
ENST00000380874.3,chr6:1612841:A:T,1
ENST00000377084.3,chr13:83878728:C:T,1
ENST00000375820.9,chr13:110150328:G:T,1
ENST00000375820.9,chr13:110150331:C:A,1
ENST00000375820.9,chr13:110150332:C:A,1
ENST00000375820.9,chr13:110150331:C:T,1
ENST00000375820.9,chr13:110150330:A:T,1
ENST00000334136.10,chrX:48824894:A:T,1
ENST00000503569.5,chr4:6302721:G:A,1
ENST00000503569.5,chr4:6303072:G:C,1
ENST00000269373.10,chr17:82727550:A:G,1
ENST00000328546.4,chr4:87305079:T:C,1
ENST00000311322.9,chr8:19966981:T:C,1
ENST00000350997.11,chr11:61801834:C:G,1
ENST00000170447.11,chr3:12583264:T:C,1
ENST00000346872.7,chr17:39765489:C:T,1
ENST00000237623.11,chr4:87983034:A:G,1
ENST00000264917.9,chr5:77428144:T:A,1
ENST00000396659.7,chr15:45361196:C:T,1
ENST00000502773.5,chr4:156762533:C:T,1
ENST00000259008.6,chr17:61682813:G:A,1
ENST00000372330.3,chr20:46009039:A:G,1
ENST00000372330.3,chr20:46014472:G:A,1
ENST00000372330.3,chr20:46012171:G:T,1
ENST00000370187.7,chr10:101553963:AACAGTGGA:,1
ENST00000263339.3,chr2:112774139::TGAA,1
ENST00000356415.5,chr1:111712767:C:A,1
ENST00000440890.6,chr4:95154814:C:T,1
ENST00000517746.5,chr8:107249580:C:T,1
ENST00000233146.6,chr2:47483175:A:G,1
ENST00000380152.7,chr13:32398875:A:C,1
ENST00000370355.2,chr10:100361805:A:C,1
ENST00000280155.3,chr10:111079843:C:A,1
ENST00000316407.8,chr3:113651163:G:T,1
ENST00000308394.8,chr4:184627797:A:G,1
ENST00000261735.3,chr12:112022945:A:G,1
ENST00000362032.6,chr3:151881605:C:T,1
ENST00000290341.7,chr17:49055457:T:C,1
ENST00000285021.11,chr3:14145845:G:C,1
ENST00000643541.1,chr3:41239897:T:G,1
ENST00000240328.3,chr17:61408724:G:T,1
ENST00000374994.8,chr9:99153883:T:G,1
ENST00000588735.2,chr17:44907319:G:C,1
ENST00000361445.8,chr1:11106656:T:C,1
ENST00000643956.1,chr19:41018226:AG:CA,1
ENST00000310346.8,chr12:114354431:T:C,1
ENST00000381577.3,chr9:5467955:G:A,1
ENST00000381577.3,chr9:5470497:A:G,1
ENST00000608478.1,chr4:122893153:C:T,1
ENST00000243644.8,chr19:51964569:G:A,1
ENST00000330871.3,chr17:78357871:C:T,1
ENST00000374580.8,chr2:202560752:C:T,1
ENST00000376592.6,chr1:11787703:G:A,1
ENST00000216492.9,chr14:92934971:T:C,1
ENST00000645071.1,chr9:117715764:C:A,1
ENST00000294785.9,chr1:160358788:CA:,1
ENST00000274498.9,chr5:143226004:C:T,1
ENST00000396373.8,chr12:11894684:T:C,1
ENST00000230990.6,chr5:140333293:G:A,1
ENST00000367182.7,chr1:204549714:C:A,0
ENST00000367182.7,chr1:204549696:A:T,0
ENST00000372816.2,chr1:39897357:A:G,0
ENST00000497524.5,chr3:148742250:C:T,0
ENST00000497524.5,chr3:148742208:A:G,0
ENST00000497524.5,chr3:148742201:A:C,0
ENST00000497524.5,chr3:148742185:T:G,0
ENST00000264731.7,chr3:189894547:C:T,0
ENST00000511367.6,chr5:31401285:C:A,0
ENST00000511367.6,chr5:31401340:A:G,0
ENST00000369947.4,chr6:77462224:C:T,0
ENST00000369947.4,chr6:77462215:C:T,0
ENST00000227665.8,chr11:116790097:G:A,0
ENST00000227667.7,chr11:116832924:G:C,0
ENST00000227667.7,chr11:116832894:A:C,0
ENST00000227667.7,chr11:116832905:A:C,0
ENST00000256078.8,chr12:25209843:A:G,0
ENST00000508394.6,chr12:54181684:A:G,0
ENST00000508394.6,chr12:54181674:T:C,0
ENST00000216797.9,chr14:35402011:G:A,0
ENST00000337138.8,chr14:61747130:T:C,0
ENST00000634891.1,chr15:33865229:C:G,0
ENST00000634891.1,chr15:33865235:C:G,0
ENST00000634891.1,chr15:33865243:C:T,0
ENST00000634891.1,chr15:33865246:G:C,0
ENST00000253458.11,chr16:85672541:G:A,0
ENST00000617811.4,chr17:37687325:A:C,0
ENST00000617811.4,chr17:37687273:G:T,0
ENST00000301286.4,chr19:4502189:T:C,0
ENST00000301286.4,chr19:4504427:C:T,0
ENST00000471181.7,chr17:43044810:T:C,0
ENST00000471181.7,chr17:43044346:C:T,0
ENST00000471181.7,chr17:43044804:CT:C,0
ENST00000471181.7,chr17:43045642:G:C,0
ENST00000471181.7,chr17:43044351:C:T,0
ENST00000471181.7,chr17:43045257:C:A,0
ENST00000471181.7,chr17:43044565:C:T,0
ENST00000471181.7,chr17:43044804:CTTTT:C,0
ENST00000471181.7,chr17:43044804:CTTT:C,0
ENST00000471181.7,chr17:43044808:T:A,0
ENST00000471181.7,chr17:43044807:T:A,0
ENST00000471181.7,chr17:43044809:T:C,0
ENST00000471181.7,chr17:43044804:CTT:C,0
ENST00000471181.7,chr17:43044897:G:A,0
ENST00000471181.7,chr17:43044391:G:A,0
ENST00000434753.7,chrX:123912065:C:T,0
ENST00000434753.7,chrX:123910888:T:A,0
ENST00000434753.7,chrX:123909139:G:A,0
ENST00000434753.7,chrX:123912685:TG:T,0
ENST00000434753.7,chrX:123911259:C:A,0
ENST00000434753.7,chrX:123910823:T:G,0
ENST00000434753.7,chrX:123911561:G:A,0
ENST00000434753.7,chrX:123910884:G:A,0
ENST00000434753.7,chrX:123913730:C:T,0
ENST00000434753.7,chrX:123910792:C:T,0
ENST00000434753.7,chrX:123911477:CAA:C,0
ENST00000434753.7,chrX:123912250:A:T,0
ENST00000434753.7,chrX:123912686:G:A,0
ENST00000434753.7,chrX:123909855:A:C,0
ENST00000434753.7,chrX:123911205:C:T,0
ENST00000434753.7,chrX:123913073:T:G,0
ENST00000434753.7,chrX:123911477:CA:C,0
ENST00000434753.7,chrX:123911839:C:T,0
ENST00000434753.7,chrX:123913744:CCTGA:C,0
ENST00000434753.7,chrX:123912249:A:T,0
ENST00000434753.7,chrX:123908574:G:A,0
ENST00000434753.7,chrX:123913920:C:T,0
ENST00000434753.7,chrX:123909863:T:G,0
ENST00000434753.7,chrX:123911491:G:A,0
ENST00000434753.7,chrX:123911195:CA:C,0
ENST00000434753.7,chrX:123910564:T:C,0
ENST00000434753.7,chrX:123907958:A:G,0
ENST00000434753.7,chrX:123912348:CA:C,0
ENST00000434753.7,chrX:123912239:TA:T,0
ENST00000434753.7,chrX:123913878:T:C,0
ENST00000434753.7,chrX:123913603:T:A,0
ENST00000434753.7,chrX:123911197:GCTGGGCGCGGTGGCTCATGCCTGTAATCCCAGCACTTTGGGAGGCCGAGGCGGGCAGATCACCTGAGGTCGGGAGGTCGAGACCAGCCTGACCAACATGGAGAAACCCCGTCTCTACTAAAAATACAAAATTA:G,0
ENST00000434753.7,chrX:123911375:G:A,0
ENST00000434753.7,chrX:123910867:CAA:C,0
ENST00000434753.7,chrX:123912229:G:A,0
ENST00000434753.7,chrX:123912348:CAA:C,0
ENST00000434753.7,chrX:123912686:GT:G,0
ENST00000434753.7,chrX:123913538:G:A,0
ENST00000434753.7,chrX:123910867:CA:C,0
ENST00000434753.7,chrX:123912937:C:T,0
ENST00000434753.7,chrX:123912687:T:A,0
ENST00000434753.7,chrX:123912688:T:A,0
ENST00000434753.7,chrX:123909168:A:G,0
ENST00000434753.7,chrX:123911369:T:C,0
ENST00000434753.7,chrX:123907261:G:C,0
ENST00000434753.7,chrX:123908479:G:C,0
ENST00000434753.7,chrX:123907295:GA:G,0
ENST00000434753.7,chrX:123911791:C:T,0
ENST00000434753.7,chrX:123912549:C:T,0
ENST00000434753.7,chrX:123912422:A:T,0
ENST00000434753.7,chrX:123913859:G:A,0
ENST00000434753.7,chrX:123909474:TGTATA:T,0
ENST00000434753.7,chrX:123907883:A:G,0
ENST00000434753.7,chrX:123911196:A:G,0
ENST00000434753.7,chrX:123911493:T:A,0
ENST00000434753.7,chrX:123913432:C:T,0
ENST00000434753.7,chrX:123907663:G:A,0
ENST00000434753.7,chrX:123912070:T:C,0
ENST00000434753.7,chrX:123909910:C:G,0
ENST00000434753.7,chrX:123908857:T:C,0
ENST00000434753.7,chrX:123912684:CTG:C,0
ENST00000434753.7,chrX:123910026:C:T,0
ENST00000434753.7,chrX:123907193:A:G,0
ENST00000434753.7,chrX:123913818:G:C,0
ENST00000434753.7,chrX:123912686:GTT:G,0
ENST00000434753.7,chrX:123907984:G:T,0
ENST00000239151.5,chr17:48592176:G:A,0
ENST00000239151.5,chr17:48592200:TG:T,0
ENST00000239151.5,chr17:48592196:C:T,0
ENST00000380874.3,chr6:1612159:G:A,0
ENST00000503569.5,chr4:6302515:T:C,0
ENST00000328546.4,chr4:87305170:C:G,0
ENST00000311322.9,chr8:19965339:G:A,0
ENST00000311322.9,chr8:19965319:G:A,0
ENST00000396659.7,chr15:45362081:G:A,0
ENST00000372330.3,chr20:46016371:C:T,0
ENST00000440890.6,chr4:95154682:G:C,0
ENST00000440890.6,chr4:95154722:C:T,0
ENST00000280155.3,chr10:111079413:C:G,0
ENST00000316407.8,chr3:113649796:A:T,0
ENST00000285021.11,chr3:14145330:A:T,0
ENST00000285021.11,chr3:14145749:A:G,0
ENST00000285021.11,chr3:14145330:A:G,0
ENST00000285021.11,chr3:14145808:C:T,0
ENST00000285021.11,chr3:14145323:T:C,0
ENST00000285021.11,chr3:14145671:T:C,0
ENST00000285021.11,chr3:14145540:AAACG:A,0
ENST00000285021.11,chr3:14145845:G:C,0
ENST00000285021.11,chr3:14145257:C:G,0
ENST00000588735.2,chr17:44904833:C:T,0
ENST00000588735.2,chr17:44904956:C:T,0
ENST00000588735.2,chr17:44907320:G:A,0
ENST00000588735.2,chr17:44907331:C:T,0
ENST00000588735.2,chr17:44904016:G:A,0
ENST00000588735.2,chr17:44907319:G:C,0
ENST00000588735.2,chr17:44904920:A:G,0
ENST00000588735.2,chr17:44904678:T:C,0
ENST00000588735.2,chr17:44904286:A:G,0
ENST00000588735.2,chr17:44904131:C:T,0
ENST00000588735.2,chr17:44904865:T:C,0
ENST00000588735.2,chr17:44904706:C:T,0
ENST00000361445.8,chr1:11107089:G:A,0
ENST00000361445.8,chr1:11107101:C:T,0
ENST00000361445.8,chr1:11107484:G:C,0
ENST00000643956.1,chr19:41016853:G:A,0
ENST00000310346.8,chr12:114355480:CCT:C,0
ENST00000310346.8,chr12:114355435:C:T,0
ENST00000310346.8,chr12:114355455:T:C,0
ENST00000310346.8,chr12:114355492:T:C,0
ENST00000608478.1,chr4:122893230:G:T,0
ENST00000608478.1,chr4:122893153:C:T,0
ENST00000608478.1,chr4:122893009:G:A,0
ENST00000330871.3,chr17:78358388:C:T,0
ENST00000376592.6,chr1:11789390:A:G,0
ENST00000376592.6,chr1:11787392:G:A,0
ENST00000376592.6,chr1:11787379:T:C,0
ENST00000376592.6,chr1:11788296:G:C,0
ENST00000376592.6,chr1:11787845:C:A,0
ENST00000376592.6,chr1:11787997:T:C,0
ENST00000376592.6,chr1:11788082:G:A,0
ENST00000376592.6,chr1:11788011:G:C,0
ENST00000376592.6,chr1:11788127:C:T,0
ENST00000376592.6,chr1:11787875:T:C,0
ENST00000376592.6,chr1:11788236:C:G,0
ENST00000274498.9,chr5:143222511:C:G,0
ENST00000396373.8,chr12:11891069:C:T,0
ENST00000396373.8,chr12:11891560:C:T,0
ENST00000396373.8,chr12:11891600:GA:G,0
ENST00000396373.8,chr12:11891063:C:G,0
